{"Mendip": 0.25073746312684364, "Windsor and Maidenhead": 0.1592920353982301, "Hambleton": 0.18584070796460178, "Ipswich": 0.08702064896755163, "Castle Point": 0.05604719764011799, "Rochdale": 0.27876106194690264, "Liverpool": 0.7271386430678466, "Kirklees": 0.827433628318584, "Epsom and Ewell": 0.028023598820058997, "Sefton": 0.35103244837758113, "Bury": 0.08112094395280237, "Kettering": 0.11504424778761062, "Luton": 0.07227138643067847, "Angus": 0.18584070796460178, "South Gloucestershire": 0.33185840707964603, "South Hams": 0.1873156342182891, "South Lakeland": 0.2581120943952802, "Chesterfield": 0.1902654867256637, "East Devon": 0.2359882005899705, "Hartlepool": 0.15781710914454278, "Nottingham": 0.38200589970501475, "Eastbourne": 0.09292035398230089, "Kingston upon Hull, City of": 0.2831858407079646, "Vale of Glamorgan": 0.19321533923303835, "North Kesteven": 0.1696165191740413, "Southend-on-Sea": 0.12979351032448377, "Winchester": 0.17551622418879056, "Staffordshire Moorlands": 0.17699115044247787, "Redditch": 0.07669616519174041, "Hammersmith and Fulham": 0.1976401179941003, "Breckland": 0.1710914454277286, "Bristol, City of": 0.6533923303834809, "Pendle": 0.1504424778761062, "Midlothian": 0.08259587020648967, "Sheffield": 0.3023598820058997, "Newcastle upon Tyne": 0.39823008849557523, "North Dorset": 0.11799410029498525, "Stevenage": 0.05457227138643068, "High Peak": 0.19616519174041297, "South Bucks": 0.007374631268436578, "Scottish Borders": 0.24188790560471976, "Arun": 0.16371681415929204, "Trafford": 0.2079646017699115, "Wolverhampton": 0.25958702064896755, "Northampton": 0.1976401179941003, "Richmond upon Thames": 0.22861356932153393, "Doncaster": 0.4498525073746313, "East Dorset": 0.0752212389380531, "West Berkshire": 0.18584070796460178, "Copeland": 0.168141592920354, "Greenwich": 0.17846607669616518, "Lewisham": 0.10471976401179942, "Islington": 0.26843657817109146, "Newham": 0.06784660766961652, "Conwy": 0.2448377581120944, "Bath and North East Somerset": 0.252212389380531, "South Holland": 0.11356932153392331, "Waveney": 0.15634218289085547, "Chichester": 0.22566371681415928, "Tamworth": 0.09144542772861357, "North Norfolk": 0.22271386430678466, "Mid Devon": 0.12979351032448377, "St Albans": 0.16666666666666666, "Mid Sussex": 0.16224188790560473, "Shropshire": 0.5619469026548672, "Glasgow City": 0.556047197640118, "Ashfield": 0.14601769911504425, "Waverley": 0.13864306784660768, "Cheltenham": 0.1415929203539823, "South Kesteven": 0.20501474926253688, "Birmingham": 0.644542772861357, "Stratford-on-Avon": 0.29793510324483774, "Hertsmere": 0.06342182890855458, "Chelmsford": 0.20058997050147492, "Wokingham": 0.13274336283185842, "Tameside": 0.25958702064896755, "Swale": 0.17994100294985252, "Broxbourne": 0.07079646017699115, "Bassetlaw": 0.168141592920354, "Forest of Dean": 0.07374631268436578, "Dundee City": 0.2920353982300885, "Warrington": 0.2920353982300885, "Three Rivers": 0.07079646017699115, "Stafford": 0.21386430678466076, "Inverclyde": 0.10619469026548672, "Solihull": 0.19469026548672566, "West Lancashire": 0.1710914454277286, "Rushcliffe": 0.11061946902654868, "Thanet": 0.22271386430678466, "Test Valley": 0.17699115044247787, "Great Yarmouth": 0.15781710914454278, "Mid Suffolk": 0.12684365781710916, "West Somerset": 0.07964601769911504, "South Cambridgeshire": 0.10619469026548672, "Welwyn Hatfield": 0.07964601769911504, "Blackpool": 0.08702064896755163, "Wyre Forest": 0.14454277286135694, "Peterborough": 0.13716814159292035, "Epping Forest": 0.22418879056047197, "Wrexham": 0.13421828908554573, "Dudley": 0.46017699115044247, "Barnet": 0.20353982300884957, "Tower Hamlets": 0.0, "Cotswold": 0.19174041297935104, "South Staffordshire": 0.15486725663716813, "Fenland": 0.12684365781710916, "Brighton and Hove": 0.4911504424778761, "Neath Port Talbot": 0.24041297935103245, "Exeter": 0.1696165191740413, "Cherwell": 0.17404129793510326, "East Ayrshire": 0.07374631268436578, "Bournemouth": 0.1607669616519174, "Thurrock": 0.0943952802359882, "Gateshead": 0.2861356932153392, "Falkirk": 0.17846607669616518, "Rother": 0.16519174041297935, "Lambeth": 0.2448377581120944, "Sevenoaks": 0.1504424778761062, "Oldham": 0.39233038348082594, "Halton": 0.15339233038348082, "Richmondshire": 0.06932153392330384, "Reading": 0.16371681415929204, "Newcastle-under-Lyme": 0.17994100294985252, "Broadland": 0.12094395280235988, "King's Lynn and West Norfolk": 0.28171091445427726, "Wycombe": 0.2182890855457227, "Manchester": 0.6017699115044248, "Rotherham": 0.31563421828908556, "West Devon": 0.0943952802359882, "Medway": 0.18584070796460178, "Havering": 0.13864306784660768, "City of Edinburgh": 0.7153392330383481, "Cambridge": 0.11946902654867257, "West Lindsey": 0.15486725663716813, "Boston": 0.11651917404129794, "South Tyneside": 0.21386430678466076, "South Ayrshire": 0.2153392330383481, "East Renfrewshire": 0.016224188790560472, "Calderdale": 0.5147492625368731, "Aberdeenshire": 0.12536873156342182, "New Forest": 0.2448377581120944, "Gwynedd": 0.2345132743362832, "Suffolk Coastal": 0.1887905604719764, "Teignbridge": 0.22861356932153393, "Gedling": 0.07079646017699115, "Rushmoor": 0.08259587020648967, "Aylesbury Vale": 0.28023598820059, "Cheshire East": 0.3938053097345133, "Lincoln": 0.13126843657817108, "North Somerset": 0.20206489675516223, "Ceredigion": 0.18141592920353983, "Amber Valley": 0.26253687315634217, "Crawley": 0.016224188790560472, "Stockport": 0.09882005899705015, "Bolton": 0.35398230088495575, "Hastings": 0.13126843657817108, "Caerphilly": 0.3008849557522124, "Cannock Chase": 0.1504424778761062, "Monmouthshire": 0.1696165191740413, "Wandsworth": 0.252212389380531, "Knowsley": 0.08112094395280237, "Broxtowe": 0.045722713864306784, "Renfrewshire": 0.2374631268436578, "South Northamptonshire": 0.17256637168141592, "Westminster": 0.5663716814159292, "Vale of White Horse": 0.19469026548672566, "South Lanarkshire": 0.3584070796460177, "Huntingdonshire": 0.20058997050147492, "North East Derbyshire": 0.1873156342182891, "North Lincolnshire": 0.21386430678466076, "Stroud": 0.17551622418879056, "Guildford": 0.12536873156342182, "Tendring": 0.12684365781710916, "Rugby": 0.17994100294985252, "Coventry": 0.28761061946902655, "Fylde": 0.10619469026548672, "Hounslow": 0.1873156342182891, "Sandwell": 0.32448377581120946, "Fareham": 0.06637168141592921, "Woking": 0.07817109144542773, "Bolsover": 0.12684365781710916, "Tunbridge Wells": 0.13126843657817108, "Rhondda Cynon Taf": 0.4616519174041298, "Flintshire": 0.21386430678466076, "Ribble Valley": 0.15781710914454278, "Mole Valley": 0.0943952802359882, "Wyre": 0.11356932153392331, "Rossendale": 0.11504424778761062, "York": 0.33775811209439527, "Cheshire West and Chester": 0.336283185840708, "Bedford": 0.19616519174041297, "Torfaen": 0.15781710914454278, "Spelthorne": 0.07964601769911504, "Wakefield": 0.3554572271386431, "Newport": 0.1607669616519174, "Havant": 0.07817109144542773, "Bexley": 0.18289085545722714, "North Warwickshire": 0.14896755162241887, "Wirral": 0.3185840707964602, "Babergh": 0.1415929203539823, "Gloucester": 0.030973451327433628, "Fife": 0.6179941002949852, "Redbridge": 0.12684365781710916, "East Northamptonshire": 0.16224188790560473, "Wigan": 0.28023598820059, "Camden": 0.4085545722713864, "Darlington": 0.16519174041297935, "Brent": 0.15339233038348082, "Orkney Islands": 0.014749262536873156, "Kingston upon Thames": 0.19469026548672566, "Warwick": 0.1592920353982301, "Slough": 0.03982300884955752, "East Hampshire": 0.20206489675516223, "Gravesham": 0.13421828908554573, "Croydon": 0.21238938053097345, "South Oxfordshire": 0.06637168141592921, "Blackburn with Darwen": 0.19174041297935104, "Leeds": 0.9188790560471977, "Colchester": 0.17846607669616518, "Merthyr Tydfil": 0.07817109144542773, "Harlow": 0.10176991150442478, "Southampton": 0.252212389380531, "Northumberland": 0.6696165191740413, "Herefordshire, County of": 0.3466076696165192, "East Lindsey": 0.2610619469026549,