{"Barnstaple": 0.0, "Northallerton": 0.012658227848101266, "Bury St. Edmunds": 0.012658227848101266, "Ipswich": 0.06329113924050633, "Moreton-In-Marsh": 0.0, "Trowbridge": 0.0, "Liverpool": 0.17721518987341772, "High Wycombe": 0.012658227848101266, "Erith": 0.0, "Falmouth": 0.0, "Swindon": 0.012658227848101266, "Newmarket": 0.0, "Ongar": 0.0, "Gravesend": 0.0, "Bury": 0.02531645569620253, "Kettering": 0.02531645569620253, "Dawlish": 0.0, "Luton": 0.02531645569620253, "101 Manthorpe Road": 0.0, "Solihull": 0.012658227848101266, "Totnes": 0.0, "Horncastle": 0.0, "Torrington": 0.0, "Chesterfield": 0.0379746835443038, "Shaftesbury": 0.0, "Southwold": 0.0, "Exeter": 0.06329113924050633, "Rotherham": 0.012658227848101266, "Axminster": 0.0, "Hartlepool": 0.02531645569620253, "Biggleswade": 0.0, "Eastbourne": 0.012658227848101266, "Saltash": 0.0, "Hereford": 0.012658227848101266, "Harrow on the Hill": 0.0, "Windsor": 0.012658227848101266, "Southend-on-Sea": 0.0, "Gwent": 0.0, "Bideford": 0.0, "St. Ives": 0.0, "Brixham": 0.0, "Redditch": 0.0, "Hayle": 0.0, "Bude": 0.0, "Huddersfield": 0.012658227848101266, "Aylsham": 0.0, "Beccles": 0.0, "Moretonhampstead": 0.0, "Chippenham": 0.0, "Buckingham": 0.0, "Prudhoe": 0.0, "Stevenage": 0.02531645569620253, "Lymington": 0.012658227848101266, "Stourbridge": 0.0, "Bury St Edmunds": 0.0, "Bishop's Stortford": 0.0, "Nr Ponytypridd": 0.0, "Godalming": 0.0, "Seaton": 0.0, "Thame": 0.012658227848101266, "Dorschester": 0.0, "Dorking": 0.0, "Purley": 0.0, "Fordingbridge": 0.0, "Bovey Tracey": 0.0, "Wolverhampton": 0.0379746835443038, "Deal": 0.0, "Northampton": 0.012658227848101266, "Ripon": 0.0, "Hull": 0.08860759493670886, "Beverley": 0.012658227848101266, "Doncaster": 0.02531645569620253, "Cannock": 0.0, "Newton Abbot": 0.0, "Clitheroe": 0.012658227848101266, "Richmond": 0.012658227848101266, "St. Leonards-On-Sea": 0.0, "Shipston-on-Stour": 0.0, "Crediton": 0.0, "Leek": 0.02531645569620253, "Leamington Spa": 0.0, "Horley": 0.0, "Chichester": 0.012658227848101266, "Herne Bay": 0.0, "Tamworth": 0.012658227848101266, "Northwood": 0.012658227848101266, "Leigh-On-Sea": 0.0, "Bishop's Castle": 0.0, "Brighton": 0.05063291139240506, "Mexborough": 0.0, "Bodmin": 0.0, "Cranbrook": 0.012658227848101266, "Biddenham": 0.0, "Winsford": 0.0, "Clacton": 0.0, "Shepton Mallet": 0.012658227848101266, "Newcastle Upon Tyne": 0.08860759493670886, "Skegness": 0.0, "Potters Bar": 0.0, "Fleet": 0.0, "Ormskirk": 0.012658227848101266, "Woking": 0.0379746835443038, "Cheltenham": 0.02531645569620253, "Helston": 0.0, "Hinckley": 0.012658227848101266, "Lowestoft": 0.0, "Bath": 0.0379746835443038, "Birmingham": 0.17721518987341772, "Maidstone": 0.012658227848101266, "Brampton": 0.0, "Halifax": 0.0, "Brighouse": 0.012658227848101266, "Chelmsford": 0.0379746835443038, "Wigton": 0.0, "Stoke-on-Trent": 0.012658227848101266, "Swanage": 0.0, "Sudbury": 0.012658227848101266, "Weston-Super-Mare": 0.012658227848101266, "Scunthorpe": 0.012658227848101266, "Southall": 0.0, "Buxton": 0.0, "Glasgow": 0.0, "Ashington": 0.0, "Exmouth": 0.0, "Beckenham, London": 0.0, "Malton": 0.0, "Warrington": 0.0379746835443038, "Westcliff on Sea": 0.0, "Stafford": 0.02531645569620253, "Ringwood": 0.0, "Gorleston on Sea": 0.0, "Romsey": 0.0, "Wakefield": 0.012658227848101266, "Folkestone": 0.0, "Newcastle Under Lyme": 0.0, "Leicestershire": 0.012658227848101266, "Great Yarmouth": 0.012658227848101266, "Stratford-upon-Avon": 0.0, "Epsom": 0.012658227848101266, "Beckenham": 0.0, "Blackpool": 0.02531645569620253, "Salisbury": 0.012658227848101266, "Walton-on-Thames": 0.0, "Thornton Heath": 0.0, "Weymouth": 0.012658227848101266, "Peterborough": 0.06329113924050633, "East Grinstead": 0.0, "Dudley": 0.02531645569620253, "Barnet": 0.0, "Newark": 0.0, "Warwick": 0.02531645569620253, "Harpenden": 0.012658227848101266, "Kendal": 0.0, "Halstead": 0.0, "Witney": 0.0, "Bromyard": 0.0, "Welwyn": 0.0, "Marlborough": 0.0, "Driffield": 0.0, "Wareham": 0.0, "Great Missenden": 0.0, "Ottery St Mary": 0.0, "Halesworth": 0.0, "Pershore": 0.0, "Elland": 0.0, "Bournemouth": 0.0379746835443038, "Bridport": 0.012658227848101266, "Teignmouth": 0.0, "Wallasey": 0.0, "Gateshead": 0.02531645569620253, "York": 0.10126582278481013, "Midhurst": 0.0, "Worksop": 0.0, "Emsworth": 0.012658227848101266, "Barnard Castle": 0.012658227848101266, "Grimsby": 0.0, "Morecambe": 0.0, "Sevenoaks": 0.012658227848101266, "Oldham": 0.012658227848101266, "Ross-on-Wye": 0.0, "Saltburn-By-The-Sea": 0.0, "Reading": 0.05063291139240506, "Oulton": 0.0, "Bordon": 0.0, "Ashburton": 0.0, "Dorchester": 0.02531645569620253, "Dewsbury": 0.012658227848101266, "Holt": 0.0, "Guisborough": 0.0, "Aberdare": 0.0, "Wigan": 0.012658227848101266, "Radlett": 0.0, "Heathfield": 0.0, "Chatham": 0.0, "Weybridge": 0.0, "Maryport": 0.0, "Tetbury": 0.0, "Ascot": 0.0, "Bridgwater": 0.0, "Berwick-upon-Tweed": 0.0, "West Molesey": 0.0, "Cambridge": 0.08860759493670886, "Bridlington": 0.0, "Boston": 0.05063291139240506, "Sutton Coldfield": 0.02531645569620253, "Paignton": 0.0, "Cranleigh": 0.0, "Altrincham": 0.0, "Burnham-On-Sea": 0.0, "Winchester": 0.012658227848101266, "South Shields": 0.0, "Ashtead": 0.0, "Longfield": 0.0, "Torquay": 0.012658227848101266, "Lincoln": 0.0759493670886076, "Penzance": 0.012658227848101266, "Didcot": 0.0, "Stanmore": 0.0, "Royston": 0.012658227848101266, "Crawley": 0.02531645569620253, "Sheerness": 0.012658227848101266, "Stockport": 0.0, "Bolton": 0.012658227848101266, "Surrey": 0.012658227848101266, "Caerphilly": 0.0, "Monmouthshire": 0.0, "Maidenhead": 0.0, "Croydon": 0.0, "Surbiton": 0.0, "Sawbridgeworth": 0.0, "Kidderminster": 0.0, "Ashbourne": 0.0, "Alton": 0.0, "Petersfield": 0.0, "Hitchin": 0.012658227848101266, "Guildford": 0.0379746835443038, "Rugby": 0.0, "Coventry": 0.012658227848101266, "Ludlow": 0.0, "Leighton Buzzard": 0.0, "Lutterworth": 0.0, "Workington": 0.0, "Cottingham": 0.012658227848101266, "Barking": 0.012658227848101266, "Tiverton": 0.0, "Huntingdon": 0.012658227848101266, "Fareham": 0.0, "Catterick Garrison": 0.0, "Swaffham": 0.0, "Sheffield": 0.11392405063291139, "Newton-Le-Willows": 0.0, "Hailsham": 0.012658227848101266, "Carshalton": 0.012658227848101266, "Felixstowe, Suffolk": 0.0, "Tonbridge": 0.0, "Dartmouth": 0.0, "Ilford": 0.0379746835443038, "Glastonbury": 0.0, "Honiton": 0.0, "Chalfont St Peter": 0.0, "Brackley": 0.0, "Bexhill-on-Sea": 0.0, "Harwich": 0.0, "Arundel": 0.0, "Northwich": 0.0, "Shoreham-By-Sea": 0.0, "Bedford": 0.06329113924050633, "Uckfield": 0.0, "Stockton-On-Tees": 0.0, "Newport": 0.0, "St. Austell": 0.0, "Havant": 0.0, "Welwyn Garden City": 0.012658227848101266, "Wirral": 0.0379746835443038, "Gloucester": 0.012658227848101266, "Peasedown St John": 0.0, "Washington": 0.0, "Andover": 0.0, "Telford": 0.0, "Manchester": 0.17721518987341772, "Darlington": 0.05063291139240506, "Rochester": 0.0, "Fowey": 0.0, "Slough": 0.0379746835443038, "Henley-on-Thames": 0.0, "Knutsford": 0.0, "Tavistock": 0.0, "Grantham": 0.012658227848101266, "Tunbridge Wells": 0.0379746835443038, "Dereham": 0.0, "Kingsbridge": 0.012658227848101266, "Leeds": 0.12658227848101267, "Truro": 0.012658227848101266, "Colchester": 0.02531645569620253, "Harlow": 0.0, "Southampton": 0.10126582278481013, "Congleton": 0.0, "Basingstoke": 0.0, "Blackburn": 0.012658227848101266, "Yeovil": 0.0, "Staffordshire": 0.0, "King's Lynn": 0.012658227848101266, "Horsham": 0.0, "St. Helens": 0.012658227848101266, "March": 0.0, "Redhill": 0.0, "Lewes": 0.0, "Edenbridge": 0.0, "Portsmouth": 0.0, "Wantage": 0.0, "Ashton Under Lyne": 0.0, "Middlesbrough": 0.0379746835443038, "Watford": 0.0, "Maldon": 0.0, "Bishop Auckland": 0.02531645569620253, "Carlisle": 0.0, "Gillingham": 0.0, "Keighley": 0.012658227848101266, "Sidcup": 0.0, "Ellesmere Port": 0.0, "Orpington": 0.012658227848101266, "Dartford": 0.02531645569620253, "Faversham": 0.0, "Brighton & Hove": 0.0, "Bracknell": 0.0, "North Walsham": 0.0, "St. Albans": 0.0, "Buckhurst Hill": 0.0,