{"Mendip": 0.0, "Hambleton": 0.07017543859649122, "Stratford-On-Avon": 0.14035087719298245, "Ipswich": 0.017543859649122806, "Castle Point": 0.0, "Rochdale": 0.07017543859649122, "Liverpool": 0.3684210526315789, "Kirklees": 0.24561403508771928, "Sefton": 0.2807017543859649, "Clackmannan": 0.0, "Waverley": 0.08771929824561403, "Kettering": 0.0, "Luton": 0.03508771929824561, "Angus": 0.10526315789473684, "South Gloucestershire": 0.08771929824561403, "Solihull": 0.17543859649122806, "South Lakeland": 0.22807017543859648, "Chesterfield": 0.0, "East Devon": 0.12280701754385964, "Hartlepool": 0.017543859649122806, "Nottingham": 0.017543859649122806, "Eastbourne": 0.017543859649122806, "Berwick-Upon-Tweed": 0.017543859649122806, "North Kesteven": 0.10526315789473684, "Winchester": 0.05263157894736842, "Staffordshire Moorlands": 0.0, "Redditch": 0.0, "Hammersmith and Fulham": 0.0, "Breckland": 0.07017543859649122, "Pendle": 0.03508771929824561, "Oadby And Wigston": 0.0, "Sheffield": 0.08771929824561403, "Wyre": 0.0, "Isle Of Wight": 0.12280701754385964, "Sedgefield": 0.03508771929824561, "Stevenage": 0.0, "Caradon": 0.19298245614035087, "High Peak": 0.22807017543859648, "South Bucks": 0.08771929824561403, "Arun": 0.08771929824561403, "Trafford": 0.12280701754385964, "Southend-On-Sea": 0.14035087719298245, "Wolverhampton": 0.0, "Northampton": 0.0, "Doncaster": 0.14035087719298245, "West Berkshire": 0.15789473684210525, "Penwith": 0.10526315789473684, "Copeland": 0.22807017543859648, "Greenwich": 0.19298245614035087, "Lewisham": 0.3333333333333333, "Islington": 0.14035087719298245, "North Shropshire": 0.05263157894736842, "Newham": 0.12280701754385964, "Conwy": 0.2807017543859649, "Blyth Valley": 0.0, "East Hertfordshire": 0.12280701754385964, "Tameside": 0.21052631578947367, "Chichester": 0.07017543859649122, "Weymouth And Portland": 0.017543859649122806, "Tamworth": 0.017543859649122806, "Castle Morpeth": 0.03508771929824561, "North Norfolk": 0.12280701754385964, "Mid Devon": 0.12280701754385964, "Mid Sussex": 0.08771929824561403, "Glasgow City": 1.0, "Ashfield": 0.03508771929824561, "Woking": 0.05263157894736842, "Cheltenham": 0.0, "South Kesteven": 0.03508771929824561, "Birmingham": 0.5789473684210527, "Maidstone": 0.21052631578947367, "Hertsmere": 0.03508771929824561, "South Bedfordshire": 0.0, "Chelmsford": 0.03508771929824561, "Wokingham": 0.08771929824561403, "Waveney": 0.10526315789473684, "Swale": 0.14035087719298245, "Broxbourne": 0.07017543859649122, "Bassetlaw": 0.03508771929824561, "Dundee City": 0.017543859649122806, "Warrington": 0.08771929824561403, "St. Edmundsbury": 0.0, "Three Rivers": 0.05263157894736842, "Stafford": 0.017543859649122806, "Inverclyde": 0.22807017543859648, "Stirling": 0.08771929824561403, "South Hams": 0.017543859649122806, "West Lancashire": 0.19298245614035087, "Rushcliffe": 0.07017543859649122, "Thanet": 0.10526315789473684, "Test Valley": 0.05263157894736842, "Great Yarmouth": 0.0, "Mid Suffolk": 0.05263157894736842, "South Cambridgeshire": 0.10526315789473684, "Welwyn Hatfield": 0.08771929824561403, "Blackpool": 0.05263157894736842, "Salisbury": 0.03508771929824561, "Wyre Forest": 0.017543859649122806, "Peterborough": 0.0, "Epping Forest": 0.0, "Wrexham": 0.07017543859649122, "Newcastle Upon Tyne": 0.017543859649122806, "Dudley": 0.05263157894736842, "Barnet": 0.07017543859649122, "Tower Hamlets": 0.08771929824561403, "Cotswold": 0.017543859649122806, "South Staffordshire": 0.05263157894736842, "Warwick": 0.07017543859649122, "Herefordshire County Of": 0.05263157894736842, "Neath Port Talbot": 0.07017543859649122, "Barking And Dagenham": 0.017543859649122806, "Exeter": 0.12280701754385964, "Cherwell": 0.07017543859649122, "East Ayrshire": 0.08771929824561403, "Brighton And Hove": 0.12280701754385964, "Blackburn With Darwen": 0.08771929824561403, "Bournemouth": 0.017543859649122806, "Thurrock": 0.10526315789473684, "Gateshead": 0.05263157894736842, "Falkirk": 0.07017543859649122, "Rother": 0.19298245614035087, "Lambeth": 0.22807017543859648, "Sevenoaks": 0.22807017543859648, "Oldham": 0.0, "Halton": 0.05263157894736842, "Reading": 0.03508771929824561, "Broadland": 0.14035087719298245, "Edinburgh City Of": 0.17543859649122806, "Crewe And Nantwich": 0.03508771929824561, "Camden": 0.21052631578947367, "Rotherham": 0.05263157894736842, "West Devon": 0.05263157894736842, "Medway": 0.10526315789473684, "Havering": 0.08771929824561403, "Kerrier": 0.017543859649122806, "Cambridge": 0.0, "West Lindsey": 0.05263157894736842, "Boston": 0.03508771929824561, "South Ayrshire": 0.14035087719298245, "East Renfrewshire": 0.14035087719298245, "Calderdale": 0.10526315789473684, "Aberdeenshire": 0.08771929824561403, "New Forest": 0.14035087719298245, "Gwynedd": 0.45614035087719296, "Suffolk Coastal": 0.12280701754385964, "Teignbridge": 0.07017543859649122, "Nuneaton And Bedworth": 0.017543859649122806, "District or Unitary Authority": 0.0, "Restormel": 0.14035087719298245, "Gedling": 0.05263157894736842, "Rushmoor": 0.03508771929824561, "Aylesbury Vale": 0.08771929824561403, "Forest Of Dean": 0.0, "North Somerset": 0.07017543859649122, "Lincoln": 0.0, "Ceredigion": 0.017543859649122806, "Amber Valley": 0.08771929824561403, "Crawley": 0.05263157894736842, "Stockport": 0.3157894736842105, "Bolton": 0.17543859649122806, "Hastings": 0.07017543859649122, "Caerphilly": 0.24561403508771928, "Cannock Chase": 0.03508771929824561, "Monmouthshire": 0.05263157894736842, "Wandsworth": 0.12280701754385964, "Knowsley": 0.08771929824561403, "Broxtowe": 0.017543859649122806, "Isle Of Anglesey": 0.08771929824561403, "Renfrewshire": 0.15789473684210525, "South Northamptonshire": 0.0, "Westminster": 0.05263157894736842, "South Lanarkshire": 0.3157894736842105, "Huntingdonshire": 0.017543859649122806, "North East Derbyshire": 0.0, "North Lincolnshire": 0.19298245614035087, "Stroud": 0.03508771929824561, "Basingstoke And Deane": 0.05263157894736842, "Guildford": 0.19298245614035087, "Tendring": 0.22807017543859648, "Rugby": 0.0, "Coventry": 0.03508771929824561, "Fylde": 0.10526315789473684, "Newcastle-Under-Lyme": 0.0, "Hinckley And Bosworth": 0.0, "Sandwell": 0.19298245614035087, "Wycombe": 0.10526315789473684, "Fareham": 0.03508771929824561, "Bolsover": 0.05263157894736842, "Blaenau Gwent": 0.017543859649122806, "Flintshire": 0.14035087719298245, "Ribble Valley": 0.05263157894736842, "Mole Valley": 0.15789473684210525, "York": 0.017543859649122806, "Carrick": 0.08771929824561403, "Bedford": 0.05263157894736842, "Torfaen": 0.017543859649122806, "Spelthorne": 0.08771929824561403, "Wakefield": 0.2631578947368421, "Stockton-On-Tees": 0.08771929824561403, "Newport": 0.017543859649122806, "Havant": 0.05263157894736842, "Bexley": 0.17543859649122806, "North Warwickshire": 0.05263157894736842, "Wirral": 0.42105263157894735, "Babergh": 0.0, "Gloucester": 0.0, "Fife": 0.3157894736842105, "Redbridge": 0.05263157894736842, "West Wiltshire": 0.10526315789473684, "Wigan": 0.15789473684210525, "Manchester": 0.24561403508771928, "North Dorset": 0.0, "Darlington": 0.05263157894736842, "The Vale Of Glamorgan": 0.17543859649122806, "Vale Of White Horse": 0.017543859649122806, "Newark And Sherwood": 0.12280701754385964, "Brent": 0.21052631578947367, "Southampton": 0.12280701754385964, "Fenland": 0.03508771929824561, "Slough": 0.03508771929824561, "East Hampshire": 0.08771929824561403, "Easington": 0.0, "Mid Bedfordshire": 0.14035087719298245, "Gravesham": 0.07017543859649122, "Croydon": 0.2807017543859649, "South Oxfordshire": 0.08771929824561403, "Tunbridge Wells": 0.05263157894736842, "Leeds": 0.22807017543859648, "Colchester": 0.08771929824561403, "Merthyr Tydfil": 0.07017543859649122, "Harlow": 0.017543859649122806, "Hounslow": 0.12280701754385964, "Rhondda Cynon Taff": 0.3684210526315789, "Congleton": 0.07017543859649122, "Kennet": 0.017543859649122806, "Kingston Upon Hull City Of": 0.0, "Richmond Upon Thames": 0.22807017543859648, "East Lindsey": 0.05263157894736842,