{"_id":{"$oid":"5a50c4c22ece250eb413a0cd"},"FrostDay_perYear":2.8727214250523296e-05,"GVA":0.0068145445472660385,"Rainfall_perMon":0.004313505494751562,"SummerDay_ave_temperature":0.0,"SummerNight_ave_temperature":0.0,"Sunshine_perMon":0.0,"WinterDay_ave_temperature":0.05615686503260431,"WinterNight_ave_temperature":0.023259177597378482,"hospitals_number":0.10592646848895086,"house_price":0.00985233649564889,"number_of_universities":0.002199366421324735,"population":0.026973558574158736,"pubs_number":4.6219818030865755e-05,"road_traffic_2015":0.0,"road_traffic_2016":0.20422699869793534,"school_number":0.10043479202672734,"stations_number":0.18399341657135604,"total_jobs":0.0040050905875068325,"traffic_noise":0.025327226906394086,"unemployment":0.0953530961258415,"hospitals_number_per_person":0.024115768789655285,"pubs_number_per_person":0.10464256073911797,"stations_number_per_person":0.006260976034285657,"school_number_per_person":0.0,"total_jobs_per_person":0.0003054407728524214,"number_of_universities_per_person":0.015763863063962557}
