{"_id":{"$oid":"5a50c4f32ece250eb413a0ce"},"FrostDay_perYear":-0.08478424574173213,"GVA":0.06335766657536343,"Rainfall_perMon":0.11724918468174153,"SummerDay_ave_temperature":0.04341544893975856,"SummerNight_ave_temperature":0.12461221164193617,"Sunshine_perMon":0.2533101555461657,"WinterDay_ave_temperature":0.07005569541019249,"WinterNight_ave_temperature":0.1252198796967537,"hospitals_number":-0.4956457149314776,"house_price":0.17289738655432246,"number_of_universities":-0.36488911383812395,"population":-0.3508133869562756,"pubs_number":-0.29497903996141994,"road_traffic_2015":-0.3366740098157766,"road_traffic_2016":-0.3646765898825828,"school_number":-0.28321452052594553,"stations_number":-0.5330284971792704,"total_jobs":-0.33976888607386735,"traffic_noise":-0.2526740060996267,"unemployment":-0.35940800368180936,"hospitals_number_per_person":-0.17702571543505663,"pubs_number_per_person":0.021121591594131794,"stations_number_per_person":-0.24951739862744807,"school_number_per_person":0.12374337140293752,"total_jobs_per_person":0.11133198987060415,"number_of_universities_per_person":-0.18804092650624296}
